"ItemName","itmId","ItmName","Name","Units","itmDateAdded","itmCode"
"","1","Fruit Cake Large  - pcs","Fruit Cake Large ","pcs       ","2015-12-01T00:00:00","PR1"
"","2","Fruit Cake Small  - pcs","Fruit Cake Small ","pcs","2015-12-01T00:00:00","PR2"
"","3","Veg Pizza Wrap - pcs","Veg Pizza Wrap","pcs       ","2015-12-01T00:00:00","PR3"
"","4","Chiken Pizza Wrap - pcs","Chiken Pizza Wrap","pcs","2015-12-01T00:00:00","PR4"
"","5","Chocolate Danish - pcs","Chocolate Danish","pcs","2015-12-01T00:00:00","PR5"
"","6","Redvelvet Muffin - pcs","Redvelvet Muffin","pcs","2015-12-01T00:00:00","PR6"
"","7","Sugar Doughnut  - pcs","Sugar Doughnut ","pcs       ","2015-12-01T00:00:00","PR7"
"","8","Sacher  - pcs","Sacher ","pcs","2015-12-01T00:00:00","PR8"
"","9","Tiramisu - pcs","Tiramisu","pcs","2015-12-01T00:00:00","PR9"
"","10","Trittle Push Pop - pcs","Trittle Push Pop","pcs","2015-12-01T00:00:00","PR10"
"","11","Black Spongy Twittle  - pcs","Black Spongy Twittle ","pcs","2015-12-01T00:00:00","PR11"
"","12","White Spongy Twittle  - pcs","White Spongy Twittle ","pcs       ","2015-12-01T00:00:00","PR12"
"","13","Chocolate Lollypop - pcs","Chocolate Lollypop","pcs","2015-12-01T00:00:00","PR13"
"","14","Coffee Paraline - pcs","Coffee Paraline","pcs       ","2015-12-01T00:00:00","PR14"
"","15","Orange Paraline  - pcs","Orange Paraline ","pcs       ","2015-12-01T00:00:00","PR15"
"","16","Butter Stoch - pcs","Butter Stoch","pcs","2015-12-01T00:00:00","PR16"
"","17","White Chocolate Fudge - pcs","White Chocolate Fudge","pcs","2015-12-01T00:00:00","PR17"
"","18","Almond Rocher  - pcs","Almond Rocher ","pcs","2015-12-01T00:00:00","PR18"
"","19","Florient Cookies - pcs","Florient Cookies","pcs       ","2015-12-01T00:00:00","PR19"
"","20","Almond Rocher - pcs","Almond Rocher","pcs","2015-12-01T00:00:00","PR20"
"","21","Almond Truffle - pcs","Almond Truffle","pcs","2015-12-01T00:00:00","PR21"
"","22","Apple Almond Flan - pcs","Apple Almond Flan","pcs","2015-12-01T00:00:00","PR22"
"","23","Apple Crumble - pcs","Apple Crumble","pcs","2015-12-01T00:00:00","PR23"
"","24","Apple Pie - pcs","Apple Pie","pcs","2015-12-01T00:00:00","PR24"
"","25","Banana Bread Big - pcs","Banana Bread Big","pcs","2015-12-01T00:00:00","PR25"
"","26","Banana Bread Small - pcs","Banana Bread Small","pcs","2015-12-01T00:00:00","PR26"
"","27","Banana Muffin - pcs","Banana Muffin","pcs","2015-12-01T00:00:00","PR27"
"","28","Black Spongy Truffle - pcs","Black Spongy Truffle","pcs","2015-12-01T00:00:00","PR28"
"","29","Bread Crumb - pcs","Bread Crumb","pcs","2015-12-01T00:00:00","PR29"
"","30","Bucket Bun - pcs","Bucket Bun","pcs","2015-12-01T00:00:00","PR30"
"","31","Butter Scotch - pcs","Butter Scotch","pcs","2015-12-01T00:00:00","PR31"
"","32","Caramel Tart - pcs","Caramel Tart","pcs","2015-12-01T00:00:00","PR32"
"","33","Cashenut Cookies - pcs","Cashenut Cookies","pcs       ","2015-12-01T00:00:00","PR33"
"","34","Cheese Bread - pcs","Cheese Bread","pcs","2015-12-01T00:00:00","PR34"
"","35","Cheese Cookies - pcs","Cheese Cookies","pcs","2015-12-01T00:00:00","PR35"
"","36","Cheese Croissant - pcs","Cheese Croissant","pcs","2015-12-01T00:00:00","PR36"
"","37","Cheese Straw Cookies - pcs","Cheese Straw Cookies","pcs","2015-12-01T00:00:00","PR37"
"","38","Chicken Bun - pcs","Chicken Bun","pcs","2015-12-01T00:00:00","PR38"
"","39","Chicken Hot Dog - pcs","Chicken Hot Dog","pcs","2015-12-01T00:00:00","PR39"
"","40","Chicken Patty - pcs","Chicken Patty","pcs       ","2015-12-01T00:00:00","PR40"
"","41","Chicken Pizza Wrap - pcs","Chicken Pizza Wrap","pcs       ","2015-12-01T00:00:00","PR41"
"","42","Chicken Roll - pcs","Chicken Roll","pcs","2015-12-01T00:00:00","PR42"
"","43","Chicken Sandwich Brown - pcs","Chicken Sandwich Brown","pcs","2015-12-01T00:00:00","PR43"
"","44","Chicken Sandwich White - pcs","Chicken Sandwich White","pcs","2015-12-01T00:00:00","PR44"
"","45","Chocolate Chips Cookies - pcs","Chocolate Chips Cookies","pcs","2015-12-01T00:00:00","PR45"
"","46","Chocolate Doughnut - pcs","Chocolate Doughnut","pcs","2015-12-01T00:00:00","PR46"
"","47","Chocolate Fudge - pcs","Chocolate Fudge","pcs","2015-12-01T00:00:00","PR47"
"","48","Chocolate Macaroon - pcs","Chocolate Macaroon","pcs","2015-12-01T00:00:00","PR48"
"","49","Chocolate Muffin - pcs","Chocolate Muffin","pcs","2015-12-01T00:00:00","PR49"
"","50","Cinnamon Danish - pcs","Cinnamon Danish","pcs","2015-12-01T00:00:00","PR50"
"","51","Coffee Parline - pcs","Coffee Parline","pcs","2015-12-01T00:00:00","PR51"
"","52","Coke 500 Ml - pcs","Coke 500 Ml","pcs","2015-12-01T00:00:00","PR52"
"","53","Coke 600Ml - pcs","Coke 600Ml","pcs","2015-12-01T00:00:00","PR53"
"","54","Cream Croissant - pcs","Cream Croissant","pcs","2015-12-01T00:00:00","PR54"
"","55","Cream Doughnut - pcs","Cream Doughnut","pcs","2015-12-01T00:00:00","PR55"
"","56","Cup Cakes - pcs","Cup Cakes","pcs","2015-12-01T00:00:00","PR56"
"","57","Custard Cookies - pcs","Custard Cookies","pcs","2015-12-01T00:00:00","PR57"
"","58","Custard Doughnutt - pcs","Custard Doughnutt","pcs","2015-12-01T00:00:00","PR58"
"","59","Dew - pcs","Dew","pcs","2015-12-01T00:00:00","PR59"
"","60","Dite Pepsi - pcs","Dite Pepsi","pcs","2015-12-01T00:00:00","PR60"
"","61","Florentine Cookies - pcs","Florentine Cookies","pcs","2015-12-01T00:00:00","PR61"
"","62","Focaccia Bread - pcs","Focaccia Bread","pcs","2015-12-01T00:00:00","PR62"
"","63","French Heart Cookies - pcs","French Heart Cookies","pcs       ","2015-12-01T00:00:00","PR63"
"","64","Fruit Cake Big - pcs","Fruit Cake Big","pcs","2015-12-01T00:00:00","PR64"
"","65","Fruit Cake Small - pcs","Fruit Cake Small","pcs","2015-12-01T00:00:00","PR65"
"","66","Hazalnut Paraline - pcs","Hazalnut Paraline","pcs","2015-12-01T00:00:00","PR66"
"","67","Hot Dog Bun - pcs","Hot Dog Bun","pcs","2015-12-01T00:00:00","PR67"
"","68","Multigrain Bread - pcs","Multigrain Bread","pcs","2015-12-01T00:00:00","PR68"
"","69","Multigrain Bun - pcs","Multigrain Bun","pcs","2015-12-01T00:00:00","PR69"
"","70","Multigrain Loaf - pcs","Multigrain Loaf","pcs","2015-12-01T00:00:00","PR70"
"","71","Mushroom Patty - pcs","Mushroom Patty","pcs       ","2015-12-01T00:00:00","PR71"
"","72","Oat Meal N Cherry Cookies - pcs","Oat Meal N Cherry Cookies","pcs","2015-12-01T00:00:00","PR72"
"","73","Orange Paraline - pcs","Orange Paraline","pcs","2015-12-01T00:00:00","PR73"
"","74","Paper Bag - pcs","Paper Bag","pcs","2015-12-01T00:00:00","PR74"
"","75","Pineapple Danish - pcs","Pineapple Danish","pcs","2015-12-01T00:00:00","PR75"
"","76","Pizza Base - pcs","Pizza Base","pcs","2015-12-01T00:00:00","PR76"
"","77","Plain Bun - pcs","Plain Bun","pcs","2015-12-01T00:00:00","PR77"
"","78","Plain Croissant - pcs","Plain Croissant","pcs","2015-12-01T00:00:00","PR78"
"","79","Plain Doughnut - pcs","Plain Doughnut","pcs       ","2015-12-01T00:00:00","PR79"
"","80","Plain Muffin - pcs","Plain Muffin","pcs","2015-12-01T00:00:00","PR80"
"","81","Pyramid - pcs","Pyramid","pcs","2015-12-01T00:00:00","PR81"
"","82","Real 200 Ml - pcs","Real 200 Ml","pcs","2015-12-01T00:00:00","PR82"
"","83","Red Velvet Muffin - pcs","Red Velvet Muffin","pcs","2015-12-01T00:00:00","PR83"
"","84","Sacher - pcs","Sacher","pcs","2015-12-01T00:00:00","PR84"
"","85","Salty Cookies - pcs","Salty Cookies","pcs","2015-12-01T00:00:00","PR85"
"","86","Strawberry Tart - pcs","Strawberry Tart","pcs","2015-12-01T00:00:00","PR86"
"","87","Sugar Doughnut - pcs","Sugar Doughnut","pcs       ","2015-12-01T00:00:00","PR87"
"","88","Sweet Bun - pcs","Sweet Bun","pcs","2015-12-01T00:00:00","PR88"
"","89","Triffle Pusspop - pcs","Triffle Pusspop","pcs","2015-12-01T00:00:00","PR89"
"","90","Tri Chocolate Bavarian - pcs","Tri Chocolate Bavarian","pcs       ","2015-12-01T00:00:00","PR90"
"","91","Veg Patty - pcs","Veg Patty","pcs       ","2015-12-01T00:00:00","PR91"
"","92","Veg Roll - pcs","Veg Roll","pcs","2015-12-01T00:00:00","PR92"
"","93","Veg Sandwich Brown - pcs","Veg Sandwich Brown","pcs","2015-12-01T00:00:00","PR93"
"","94","Veg Sandwich White - pcs","Veg Sandwich White","pcs","2015-12-01T00:00:00","PR94"
"","95","White Bread Small - pcs","White Bread Small","pcs","2015-12-01T00:00:00","PR95"
"","96","White Chocolate Doughnutt - pcs","White Chocolate Doughnutt","pcs","2015-12-01T00:00:00","PR96"
"","97","White Spongy Truffle - pcs","White Spongy Truffle","pcs       ","2015-12-01T00:00:00","PR97"
"","98","Milk Bread  - pcs","Milk Bread ","pcs","2015-12-01T00:00:00","PR98"
"","99","Cheese Bread  - pcs","Cheese Bread ","pcs","2015-12-01T00:00:00","PR99"
"","100","Multigrain Bread Leaf  - pcs","Multigrain Bread Leaf ","pcs","2015-12-01T00:00:00","PR100"
"","101","Multigrain Bread Loaf  - pcs","Multigrain Bread Loaf ","pcs","2015-12-01T00:00:00","PR101"
"","102","Multigrainbuggate - pcs","Multigrainbuggate","pcs","2015-12-01T00:00:00","PR102"
"","103","Italian Bread - pcs","Italian Bread","pcs","2015-12-01T00:00:00","PR103"
"","104","White Bread Small  - pcs","White Bread Small ","pcs","2015-12-01T00:00:00","PR104"
"","105","Brown Bread Small - pcs","Brown Bread Small","pcs       ","2015-12-01T00:00:00","PR105"
"","106","Banana Bread Large  - pcs","Banana Bread Large ","pcs","2015-12-01T00:00:00","PR106"
"","107","Banana Bread Small   - pcs","Banana Bread Small  ","pcs","2015-12-01T00:00:00","PR107"
"","108","French Bread  - pcs","French Bread ","pcs","2015-12-01T00:00:00","PR108"
"","109","Chocolate Pastry - pcs","Chocolate Pastry","pcs       ","2015-12-01T00:00:00","PR109"
"","110","Pineapple Pastry  - pcs","Pineapple Pastry ","pcs       ","2015-12-01T00:00:00","PR110"
"","111","Flowrist Black Forest Pastry - pcs","Flowrist Black Forest Pastry","pcs       ","2015-12-01T00:00:00","PR111"
"","112","Strawberry Pastry - pcs","Strawberry Pastry","pcs       ","2015-12-01T00:00:00","PR112"
"","113","Florida Pastry - pcs","Florida Pastry","pcs","2015-12-01T00:00:00","PR113"
"","114","Mocca And Nougatine Pastry - pcs","Mocca And Nougatine Pastry","pcs       ","2015-12-01T00:00:00","PR114"
"","115","Lemon Pastry  - pcs","Lemon Pastry ","pcs       ","2015-12-01T00:00:00","PR115"
"","116","Mango Bavarian Pastry - pcs","Mango Bavarian Pastry","pcs","2015-12-01T00:00:00","PR116"
"","117","Blueberry Cheese Cake - pcs","Blueberry Cheese Cake","pcs       ","2015-12-01T00:00:00","PR117"
"","118","Grand Chocolate Truffle  - pcs","Grand Chocolate Truffle ","pcs","2015-12-01T00:00:00","PR118"
"","119","Lemon Tart - pcs","Lemon Tart","pcs       ","2015-12-01T00:00:00","PR119"
"","120","Chocolate Tart - pcs","Chocolate Tart","pcs","2015-12-01T00:00:00","PR120"
"","121","Lychee Meringue Pie - pcs","Lychee Meringue Pie","pcs","2015-12-01T00:00:00","PR121"
"","122","Chocolate Éclair - pcs","Chocolate Éclair","pcs","2015-12-01T00:00:00","PR122"
"","123","Chocolate Mousse - pcs","Chocolate Mousse","pcs","2015-12-01T00:00:00","PR123"
"","124","Vanilla Panacotta - pcs","Vanilla Panacotta","pcs","2015-12-01T00:00:00","PR124"
"","125","Apple & Almond Flan - pcs","Apple & Almond Flan","pcs","2015-12-01T00:00:00","PR125"
"","126","Chocolate Fudge Brownie - pcs","Chocolate Fudge Brownie","pcs       ","2015-12-01T00:00:00","PR126"
"","127","Espresso - cup","Espresso","cup","2015-12-01T00:00:00","PR127"
"","128","Double Espresso - cup","Double Espresso","cup","2015-12-01T00:00:00","PR128"
"","129","Americano - cup","Americano","cup","2015-12-01T00:00:00","PR129"
"","130","Cappuccino - cup","Cappuccino","cup","2015-12-01T00:00:00","PR130"
"","131","Café Latte - cup","Café Latte","cup","2015-12-01T00:00:00","PR131"
"","132","Café Mocha - cup","Café Mocha","cup","2015-12-01T00:00:00","PR132"
"","133","Honey Latte - cup","Honey Latte","cup","2015-12-01T00:00:00","PR133"
"","134","Black Tea - cup","Black Tea","cup","2015-12-01T00:00:00","PR134"
"","135","Milk Tea - cup","Milk Tea","cup","2015-12-01T00:00:00","PR135"
"","136","Hot Lemon - cup","Hot Lemon","cup","2015-12-01T00:00:00","PR136"
"","137","Hot Lemon With Honey - cup","Hot Lemon With Honey","cup","2015-12-01T00:00:00","PR137"
"","138","Green Tea - cup","Green Tea","cup","2015-12-01T00:00:00","PR138"
"","139","Hot Chocolate - cup","Hot Chocolate","cup","2015-12-01T00:00:00","PR139"
"","140","Cold Coffee (Non Blended) - cup","Cold Coffee (Non Blended)","cup","2015-12-01T00:00:00","PR140"
"","141","Cold Coffee (Blended) - cup","Cold Coffee (Blended)","cup","2015-12-01T00:00:00","PR141"
"","142","Iced Tea - cup","Iced Tea","cup","2015-12-01T00:00:00","PR142"
"","143","Milk Shake Vanilla  - cup","Milk Shake Vanilla ","cup","2015-12-01T00:00:00","PR143"
"","144","Milk Shake Chocolate - cup","Milk Shake Chocolate","cup","2015-12-01T00:00:00","PR144"
"","145","Lassi Sweet - cup","Lassi Sweet","cup","2015-12-01T00:00:00","PR145"
"","146","Lassi Banana - cup","Lassi Banana","cup","2015-12-01T00:00:00","PR146"
"","147","Espresso Solo - Cups","Espresso Solo","Cups      ","2015-12-01T00:00:00","PR147"
"","148","Espresso Doppio - Cups","Espresso Doppio","Cups      ","2015-12-01T00:00:00","PR148"
"","149","Espresso Machhito - Cups","Espresso Machhito","Cups      ","2015-12-01T00:00:00","PR149"
"","150","Cappuccino - Cups","Cappuccino","Cups      ","2015-12-01T00:00:00","PR150"
"","151","Café Mocha - cup","Café Mocha","cup","2015-12-01T00:00:00","PR151"
"","152","Café Latte - pcs","Café Latte","pcs       ","2015-12-01T00:00:00","PR152"
"","153","Americano - Cups","Americano","Cups      ","2015-12-01T00:00:00","PR153"
"","154","Hot Chocolate - Cups","Hot Chocolate","Cups      ","2015-12-01T00:00:00","PR154"
"","155","Milk - Cups","Milk","Cups      ","2015-12-01T00:00:00","PR155"
"","156","Milk Tea - Cups","Milk Tea","Cups      ","2015-12-01T00:00:00","PR156"
"","157","Black Tea - cup","Black Tea","cup","2015-12-01T00:00:00","PR157"
"","158","Ice Americano - Cups","Ice Americano","Cups      ","2015-12-01T00:00:00","PR158"
"","159","Ice Cappuccino - Cups","Ice Cappuccino","Cups      ","2015-12-01T00:00:00","PR159"
"","160","Ice Latte - Cups","Ice Latte","Cups      ","2015-12-01T00:00:00","PR160"
"","161","Ice Mocca - Cups","Ice Mocca","Cups      ","2015-12-01T00:00:00","PR161"
"","162","Blended Mocha - Cups","Blended Mocha","Cups      ","2015-12-01T00:00:00","PR162"
"","163","Blended Coffee - cup","Blended Coffee","cup","2015-12-01T00:00:00","PR163"
"","164","Chiken Bun - cup","Chiken Bun","cup","2015-12-01T00:00:00","PR164"
"","165","Veg Bun - bottle","Veg Bun","bottle","2015-12-01T00:00:00","PR165"
"","166","Dew  - bottle","Dew ","bottle","2015-12-01T00:00:00","PR166"
"","167","Real  - bottle","Real ","bottle","2015-12-01T00:00:00","PR167"
"","168","Mirinda  - bottle","Mirinda ","bottle","2015-12-01T00:00:00","PR168"
"","169","Fanta  - bottle","Fanta ","bottle","2015-12-01T00:00:00","PR169"
"","170","Sprite  - bottle","Sprite ","bottle","2015-12-01T00:00:00","PR170"
"","171","Pepsi - bottle","Pepsi","bottle","2015-12-01T00:00:00","PR171"
"","172","Coke - bottle","Coke","bottle","2015-12-01T00:00:00","PR172"
"","173","7 Up - bottle","7 Up","bottle","2015-12-01T00:00:00","PR173"
"","174","Mineral Water - pcs","Mineral Water","pcs       ","2015-12-01T00:00:00","PR174"
"","175","Vanilla Cake - pnd","Vanilla Cake","pnd       ","2015-12-02T00:00:00","PR175"
"","176","Black Forest Cake  - pound","Black Forest Cake ","pound","2015-12-03T00:00:00","PR176"
"","177","White Forest  Cake  - pnd","White Forest  Cake ","pnd       ","2015-12-04T00:00:00","PR177"
"","178","Chocolate Cake  - pnd","Chocolate Cake ","pnd       ","2015-12-05T00:00:00","PR178"
"","179","Pine Apple Cake  - pnd","Pine Apple Cake ","pnd       ","2015-12-06T00:00:00","PR179"
"","180","Strawberry Cake  - pound","Strawberry Cake ","pound","2015-12-07T00:00:00","PR180"
"","181","Florida Cake  - pound","Florida Cake ","pound","2015-12-08T00:00:00","PR181"
"","182","Mocca And Nougatine  Cake  - pound","Mocca And Nougatine  Cake ","pound","2015-12-09T00:00:00","PR182"
"","183","Lemon Pastry Slices Cake - pound","Lemon Pastry Slices Cake","pound","2015-12-10T00:00:00","PR183"
"","184","Mango Bavarian Cake  - pound","Mango Bavarian Cake ","pound","2015-12-11T00:00:00","PR184"
"","185","Blueberry  Cake  - pound","Blueberry  Cake ","pound","2015-12-12T00:00:00","PR185"
"","186","blueberry cheese cake(Whole) - pnd","blueberry cheese cake(Whole)","pnd       ","2015-12-13T00:00:00","PR186"
"","187","Grand Chocolate Truffle Cake  - pnd","Grand Chocolate Truffle Cake ","pnd       ","2015-12-14T00:00:00","PR187"
"","188","Vanilla Ice Cream Cake - pnd","Vanilla Ice Cream Cake","pnd       ","2015-12-15T00:00:00","PR188"
"","189","Strawberry Ice Cream Cake  - pound","Strawberry Ice Cream Cake ","pound","2015-12-16T00:00:00","PR189"
"","190","Butter scotch ice Cream Cake  - pnd","Butter scotch ice Cream Cake ","pnd       ","2015-12-17T00:00:00","PR190"
"","191","Red Valvet Cake - pnd","Red Valvet Cake","pnd       ","2015-12-18T00:00:00","PR191"
"","192","Chocolate Ice Cream Cake  - pnd","Chocolate Ice Cream Cake ","pnd       ","2015-12-19T00:00:00","PR192"
"","193","Sugar Free - pound","Sugar Free","pound","2015-12-20T00:00:00","PR193"
"","194","Multigrain Baguette - pcs","Multigrain Baguette","pcs       ","2016-03-19T00:00:00","PR195"
"","195","Eclairs - pcs","Eclairs","pcs       ","2016-03-19T00:00:00","PR196"
"","196","Lemon Slice - pcs","Lemon Slice","pcs       ","2016-03-19T00:00:00","PR197"
"","197","White Forest Pastry - pcs","White Forest Pastry","pcs       ","2016-03-19T00:00:00","PR198"
"","198","Black Forest Pastry - pcs","Black Forest Pastry","pcs       ","2016-03-19T00:00:00","PR199"
"","199","Amaretto - pcs","Amaretto","pcs       ","2016-03-19T00:00:00","PR200"
"","200","Green Tea Macron - pcs","Green Tea Macron","pcs       ","2016-03-19T00:00:00","PR201"
"","201","Pepsi Can - pcs","Pepsi Can","pcs       ","2016-03-19T00:00:00","PR202"
"","202","Mirinda Can - pcs","Mirinda Can","pcs       ","2016-03-19T00:00:00","PR203"
"","203","7up can - pcs","7up can","pcs       ","2016-03-19T00:00:00","PR204"
"","204","Dew Can - pcs","Dew Can","pcs       ","2016-03-19T00:00:00","PR205"
"","205","mango macaroon - pcs","mango macaroon","pcs       ","2016-03-20T00:00:00","PR206"
"","206","strawberry macaroon - pcs","strawberry macaroon","pcs       ","2016-03-20T00:00:00","PR207"
"","207","coffee macaroon - pcs","coffee macaroon","pcs       ","2016-03-20T00:00:00","PR208"
"","208","Chocolate Cake  - pnd","Chocolate Cake ","pnd       ","2016-03-20T00:00:00","PR209"
"","209","black forest eggless - pcs","black forest eggless","pcs       ","2016-03-20T00:00:00","PR210"
"","210","Blackforest Cake - pnd","Blackforest Cake","pnd       ","2016-03-20T00:00:00","PR211"
"","211","mocca and nougatine  cake - pnd","mocca and nougatine  cake","pnd       ","2016-03-20T00:00:00","PR212"
"","212","mocca and nougatine cake - pnd","mocca and nougatine cake","pnd       ","2016-03-20T00:00:00","PR213"
"","213","Blueberry pastry - pcs","Blueberry pastry","pcs       ","2016-03-20T00:00:00","PR214"
"","214","Redvelvet Pastry - pcs","Redvelvet Pastry","pcs       ","2016-03-20T00:00:00","PR215"
"","215","French Heart Cookies  - pkt","French Heart Cookies ","pkt       ","2016-03-20T00:00:00","PR216"
"","216","Mocca and nougatine pastry - pcs","Mocca and nougatine pastry","pcs       ","2016-03-20T00:00:00","PR217"
"","217","Burger bun  - pcs","Burger bun ","pcs       ","2016-03-20T00:00:00","PR218"
"","218","florida cake - pnd","florida cake","pnd       ","2016-03-21T00:00:00","PR219"
"","219","florida cake eggless - pnd","florida cake eggless","pnd       ","2016-03-21T00:00:00","PR220"
"","220","white forest pastry - pcs","white forest pastry","pcs       ","2016-03-21T00:00:00","PR221"
"","221","baked cheese cake - pcs","baked cheese cake","pcs       ","2016-03-21T00:00:00","PR222"
"","222","Doughnut - pcs","Doughnut","pcs       ","2016-03-24T00:00:00","PR223"
"","223","strawberry cake - pnd","strawberry cake","pnd       ","2016-03-25T00:00:00","PR224"
"","224","strawberry cake - pnd","strawberry cake","pnd       ","2016-03-25T00:00:00","PR225"
"","225","white forest cake - pnd","white forest cake","pnd       ","2016-03-25T00:00:00","PR226"
"","226","pineapple cake  - pnd","pineapple cake ","pnd       ","2016-03-26T00:00:00","PR227"
"","227","Vanilla Cookies - pcs","Vanilla Cookies","pcs       ","2016-03-26T00:00:00","PR228"
"","228","chocolate cake eggless - pnd","chocolate cake eggless","pnd       ","2016-03-27T00:00:00","PR229"
"","229","typsy beans bun - pcs","typsy beans bun","pcs       ","2016-03-28T00:00:00","PR230"
"","230","Coffee Cookies - pcs","Coffee Cookies","pcs       ","2016-03-28T00:00:00","PR231"
"","231","orange macaroon - pcs","orange macaroon","pcs       ","2016-04-04T00:00:00","PR232"
"","232","pineapple cake eggless - pnd","pineapple cake eggless","pnd       ","2016-04-06T00:00:00","PR233"
"","233","bag - pcs","bag","pcs       ","2016-04-06T00:00:00","PR234"
"","234","Sugar Free Cake - pnd","Sugar Free Cake","pnd       ","2016-04-06T00:00:00","PR235"
"","235","blueberry cake  - pnd","blueberry cake ","pnd       ","2016-04-14T00:00:00","PR236"
"","236","blueberry eggless cake - pnd","blueberry eggless cake","pnd       ","2016-04-14T00:00:00","PR237"
"","237","vanilla cake eggless - pnd","vanilla cake eggless","pnd       ","2016-04-16T00:00:00","PR238"
"","238","White Forest Eggless - pnd","White Forest Eggless","pnd       ","2016-04-22T00:00:00","PR239"
"","239","Coffee Toffee - pcs","Coffee Toffee","pcs       ","2016-05-01T00:00:00","PR240"
"","240","Blueberry Cheese Cake - pnd","Blueberry Cheese Cake","pnd       ","2016-05-01T00:00:00","PR241"
"","241","Mini Veg Patty - pcs","Mini Veg Patty","pcs       ","2016-05-05T00:00:00","PR242"
"","242","Mini Chicken Patty - pcs","Mini Chicken Patty","pcs       ","2016-05-05T00:00:00","PR243"
"","243","black forest pastry - pcs","black forest pastry","pcs       ","2016-05-12T00:00:00","PR244"
"","244","whiteforest pastry - pcs","whiteforest pastry","pcs       ","2016-05-12T00:00:00","PR245"
"","245","Mocca and nougatine cake eggless - pnd","Mocca and nougatine cake eggless","pnd       ","2016-05-12T00:00:00","PR246"
"","246","Marble Cheese pastry - pcs","Marble Cheese pastry","pcs       ","2016-05-17T00:00:00","PR247"
"","247","Cinnamon Scone - pcs","Cinnamon Scone","pcs       ","2016-05-17T00:00:00","PR248"
"","248","Multigrain Baguette Small - pcs","Multigrain Baguette Small","pcs       ","2016-05-23T00:00:00","PR249"
"","249","French Bread Small - pcs","French Bread Small","pcs       ","2016-05-23T00:00:00","PR250"
"","250","Choco Nuts Pie - pcs","Choco Nuts Pie","pcs       ","2016-05-23T00:00:00","PR251"
"","251","White Bread Chicken Sandwich - pcs","White Bread Chicken Sandwich","pcs       ","2016-06-02T00:00:00","PR252"
"","252","Lunch Box - pcs","Lunch Box","pcs       ","2016-06-05T00:00:00","PR253"
"","253","Non veg lunch box - pcs","Non veg lunch box","pcs       ","2016-06-10T00:00:00","PR254"
"","254","Veg lunch box - pcs","Veg lunch box","pcs       ","2016-06-10T00:00:00","PR255"
"","255","lunch box  - pcs","lunch box ","pcs       ","2016-06-10T00:00:00","PR256"
"","256","Veg Lunch Box - pcs","Veg Lunch Box","pcs       ","2016-06-10T00:00:00","PR257"
"","257","Icecream cake - pnd","Icecream cake","pnd       ","2016-06-12T00:00:00","PR258"
"","258","Peanut Butter Pie - pcs","Peanut Butter Pie","pcs       ","2016-06-18T00:00:00","PR259"
"","259","Chocolate Muffin Decoration - pcs","Chocolate Muffin Decoration","pcs       ","2016-06-19T00:00:00","PR260"
"","260","Test - pcs","Test","pcs       ","2016-06-28T00:00:00","CMB1"
"","261","Hot dog  - pcs","Hot dog ","pcs       ","2016-07-03T00:00:00","PR261"
"","262","Butterscotch eggless - pcs","Butterscotch eggless","pcs       ","2016-07-19T00:00:00","PR262"
"","263","Mineral Water (small) - pcs","Mineral Water (small)","pcs       ","2016-07-19T00:00:00","PR263"
"","264","choco lava  - pcs","choco lava ","pcs       ","2016-08-01T00:00:00","PR264"
"","265","Veg sandwich 2 layer - pcs","Veg sandwich 2 layer","pcs       ","2016-08-01T00:00:00","PR265"
"","266","Croissant filling veg - pcs","Croissant filling veg","pcs       ","2016-08-01T00:00:00","PR266"
"","267","croissant filling chicken - pcs","croissant filling chicken","pcs       ","2016-08-01T00:00:00","PR267"
"","268","white bread veg sandwich - pcs","white bread veg sandwich","pcs       ","2016-08-05T00:00:00","PR268"
"","269","Croissant chk sandwich - pcs","Croissant chk sandwich","pcs       ","2016-08-19T00:00:00","CMB2"
"","270","Croissant veg sandwich - pcs","Croissant veg sandwich","pcs       ","2016-08-19T00:00:00","CMB3"
"","271","Focaccia chk sandwich - pcs","Focaccia chk sandwich","pcs       ","2016-08-19T00:00:00","CMB4"
"","272","Focaccia veg sandwich - pcs","Focaccia veg sandwich","pcs       ","2016-08-19T00:00:00","CMB5"
"","273","Ciabatta chk sandwich - pcs","Ciabatta chk sandwich","pcs       ","2016-08-19T00:00:00","CMB6"
"","274","Ciabatta veg sandwich  - pcs","Ciabatta veg sandwich ","pcs       ","2016-08-19T00:00:00","CMB7"
"","275","Multigrain chk sandwich - pcs","Multigrain chk sandwich","pcs       ","2016-08-19T00:00:00","CMB8"
"","276","Multigrain veg sandwich - pcs","Multigrain veg sandwich","pcs       ","2016-08-19T00:00:00","CMB9"
"","277","French bougette chk sandwich - pcs","French bougette chk sandwich","pcs       ","2016-08-19T00:00:00","CMB10"
"","278","French bougette veg sandwich - pcs","French bougette veg sandwich","pcs       ","2016-08-19T00:00:00","CMB11"
"","279","Hot dog chk sandwich - pcs","Hot dog chk sandwich","pcs       ","2016-08-19T00:00:00","CMB12"
"","280","Hot dog veg sandwich - pcs","Hot dog veg sandwich","pcs       ","2016-08-19T00:00:00","CMB13"
"","281","Brown bread chk sandwich - pcs","Brown bread chk sandwich","pcs       ","2016-08-19T00:00:00","CMB14"
"","282","Brown bread veg sandwich - pcs","Brown bread veg sandwich","pcs       ","2016-08-19T00:00:00","CMB15"
"","283","white bread chicken sandwich - pcs","white bread chicken sandwich","pcs       ","2016-08-19T00:00:00","CMB16"
"","284","white bread veg sandwich - pcs","white bread veg sandwich","pcs       ","2016-08-20T00:00:00","CMB17"
"","285","Mazza - pcs","Mazza","pcs       ","2016-08-21T00:00:00","PR269"
"","286","2 cookies  - pcs","2 cookies ","pcs       ","2016-08-21T00:00:00","PR270"
"","287","swiss roll - pcs","swiss roll","pcs       ","2016-08-21T00:00:00","PR271"
"","288","tea bag - pcs","tea bag","pcs       ","2016-08-22T00:00:00","M1"
"","289","tuna sandwich - pcs","tuna sandwich","pcs       ","2016-08-23T00:00:00","PR272"
"","290","chandagrihi cookies per kg - pcs","chandagrihi cookies per kg","pcs       ","2016-08-24T00:00:00","PR273"
"","291","Chandagrihi mini croissant - pcs","Chandagrihi mini croissant","pcs       ","2016-08-24T00:00:00","PR274"
"","292","Chandagrihi plain muffin - pcs","Chandagrihi plain muffin","pcs       ","2016-08-24T00:00:00","PR275"
"","293","Chandagrihi white bread - pcs","Chandagrihi white bread","pcs       ","2016-08-24T00:00:00","PR276"
"","294","Magic candle  - pcs","Magic candle ","pcs       ","2016-08-31T00:00:00","RW1"
"","295","Number candle - pcs","Number candle","pcs       ","2016-08-31T00:00:00","RW2"
"","296","Sparkling candle - pcs","Sparkling candle","pcs       ","2016-08-31T00:00:00","RW3"
"","297","Birthday cap small - pcs","Birthday cap small","pcs       ","2016-08-31T00:00:00","RW4"
"","298","Birthday cap large - pcs","Birthday cap large","pcs       ","2016-08-31T00:00:00","RW5"
"","299","Shining cap medium - pcs","Shining cap medium","pcs       ","2016-08-31T00:00:00","RW6"
"","300","Shining cap large - pcs","Shining cap large","pcs       ","2016-08-31T00:00:00","RW7"
"","301","Balloon - pcs","Balloon","pcs       ","2016-08-31T00:00:00","RW8"
"","302","burger bun small - pcs","burger bun small","pcs       ","2016-09-05T00:00:00","PR277"
"","303","1 layer veg sandwich - pcs","1 layer veg sandwich","pcs       ","2016-09-14T00:00:00","PR278"
"","304","Brown Bougette - pcs","Brown Bougette","pcs       ","2016-09-16T00:00:00","PR279"
"","305","brown Bougette (small) - pcs","brown Bougette (small)","pcs       ","2016-09-16T00:00:00","PR280"
"","306","Coke Zero (Can) - pcs","Coke Zero (Can)","pcs       ","2016-09-16T00:00:00","PR281"
"","307","JUJUB - pnd","JUJUB","pnd       ","2016-10-16T00:00:00","PR282"
"","308","Double Chocolate Mud Cake - pnd","Double Chocolate Mud Cake","pnd       ","2016-10-21T00:00:00","ORD2"
"","309","Coconut Dry Cake - pnd","Coconut Dry Cake","pnd       ","2016-10-21T00:00:00","ORD3"
"","310","Coconut brownie - pcs","Coconut brownie","pcs       ","2016-11-11T00:00:00","PR283"
"","311","Big Cookies - pcs","Big Cookies","pcs       ","2016-11-11T00:00:00","PR284"
"","312","Marble Cheese Cake - pnd","Marble Cheese Cake","pnd       ","2016-12-02T00:00:00","ORD4"
"","313","Lunch Box - pcs","Lunch Box","pcs       ","2016-12-16T00:00:00","M2"
"","314","apple pie pcs - pcs","apple pie pcs","pcs       ","2016-12-30T00:00:00","PR285"
"","315","strawberry delight - pcs","strawberry delight","pcs       ","2016-12-30T00:00:00","PR286"
"","316","Butter Scotch Pastry - pnd","Butter Scotch Pastry","pnd       ","2017-01-24T00:00:00","PR287"
"","317","Chocolate Truffle Round    - pnd","Chocolate Truffle Round   ","pnd       ","2017-01-24T00:00:00","PR288"
"","318","Banana Choco muffin - pnd","Banana Choco muffin","pnd       ","2017-01-24T00:00:00","PR289"
"","319","American Brownie - pnd","American Brownie","pnd       ","2017-01-24T00:00:00","PR290"
"","320","Small Doughnut - pnd","Small Doughnut","pnd       ","2017-01-24T00:00:00","PR291"
"","321","Carrot Muffin - pnd","Carrot Muffin","pnd       ","2017-01-24T00:00:00","PR292"
"","322","Cinnamon Bread - pnd","Cinnamon Bread","pnd       ","2017-01-26T00:00:00","PR293"
"","323","Small Muffin - pcs","Small Muffin","pcs       ","2017-01-29T00:00:00","PR294"
"","324","Doughnut - pcs","Doughnut","pcs       ","2017-01-29T00:00:00","PR295"
"","325","Strawberry eggless cake - pnd","Strawberry eggless cake","pnd       ","2017-02-08T00:00:00","PR296"
"","326","Cafe Mocca  - Cups","Cafe Mocca ","Cups      ","2017-02-16T00:00:00","M3"
"","327","Hot lemon honey  - Cups","Hot lemon honey ","Cups      ","2017-02-16T00:00:00","M4"
"","328","Birthday poppers - pcs","Birthday poppers","pcs       ","2017-02-22T00:00:00","PR297"
"","329","Icing Muffin - pcs","Icing Muffin","pcs       ","2017-02-22T00:00:00","PR298"
"","330","Macaroon - pcs","Macaroon","pcs       ","2017-03-02T00:00:00","PR299"
"","331","Tiramisau Cake - pnd","Tiramisau Cake","pnd       ","2017-03-13T00:00:00","ORD5"
"","332","Iced Lemon Tea - Cups","Iced Lemon Tea","Cups      ","2017-03-21T00:00:00","M5"
"","333","Peach Iced Tea - Cups","Peach Iced Tea","Cups      ","2017-03-21T00:00:00","M6"
"","334","Iced Lemon Soda - Cups","Iced Lemon Soda","Cups      ","2017-03-21T00:00:00","M7"
"","335","Mint& Lemon Freshner - Cups","Mint& Lemon Freshner","Cups      ","2017-03-21T00:00:00","M8"
"","336","Lemonade - Cups","Lemonade","Cups      ","2017-03-21T00:00:00","M9"
"","337","Birthday Spray - pcs","Birthday Spray","pcs       ","2017-03-23T00:00:00","PR300"
"","338","Carrot muffin - pcs","Carrot muffin","pcs       ","2017-04-07T00:00:00","PR301"
"","339","Smiley face - pcs","Smiley face","pcs       ","2017-05-25T00:00:00","PR302"
"","340","Jam cookies - pcs","Jam cookies","pcs       ","2017-06-06T00:00:00","PR303"
"","341","Sausage Roll - pcs","Sausage Roll","pcs       ","2017-06-12T00:00:00","PR304"
"","342","Paneer Puff - pcs","Paneer Puff","pcs       ","2017-07-04T00:00:00","PR305"
"","343","crossiant cmb - pcs","crossiant cmb","pcs       ","2017-10-11T00:00:00","CMB18"
"","344","veg Pizza Wrap - pcs","veg Pizza Wrap","pcs       ","2017-10-11T00:00:00","CMB19"
"","345","roti - pcs","roti","pcs       ","2017-10-11T00:00:00","PR306"
"","1001","Coconut Macoroon  - pcs","Coconut Macoroon ","pcs       ","2015-12-01T00:00:00","PR1"
"","1002","Macoroon  - pcs","Macoroon ","pcs       ","2015-12-01T00:00:00","PR1"
"","1003","Mini Mixed Pizza - pcs","Mini Mixed Pizza","pcs       ","2015-12-01T00:00:00","PR1"
"","1004","Peach Danish - pcs","Peach Danish","pcs       ","2015-12-01T00:00:00","PR1"
"","1005","Veg Bun - pcs","Veg Bun","pcs       ","2015-12-01T00:00:00","PR1"
"","1006","Eggless Grand Chocolate Truffle Cake - Pound","Eggless Grand Chocolate Truffle Cake","Pound     ","2015-12-01T00:00:00","PR1"
"","1007","650gm Multigrain Sandwich  - pcs","650gm Multigrain Sandwich ","pcs       ","2015-12-01T00:00:00","PR1"
"","1008","650gm Brown Bread  - pcs","650gm Brown Bread ","pcs       ","2015-12-01T00:00:00","PR1"
"","1009","650gm White Bread - pcs","650gm White Bread","pcs       ","2015-12-01T00:00:00","PR1"
"","1010","Sugar Free Bread - pcs","Sugar Free Bread","pcs       ","2015-12-01T00:00:00","PR1"
"","1011","Mini Cake  - Pound","Mini Cake ","Pound","2015-12-01T00:00:00","PR1"
"","1012","Opera Pasty - PCS","Opera Pasty","PCS","2023-01-11T00:00:00","OP"
"","1013","Hazelnut Pasty - PCS","Hazelnut Pasty","PCS","2023-01-11T00:00:00","HP"
"","1014","Owils Browine - PCS","Owils Browine","PCS","2023-01-11T00:00:00","OW"
"","1015","Strawberry Entrement - PCS","Strawberry Entrement","PCS","2023-01-11T00:00:00","SE"
"","1016","Almond Cake - PCS","Almond Cake","PCS","2023-01-11T00:00:00","AC"
"","1017","Almond Brownie - PCS","Almond Brownie","PCS","2023-01-11T00:00:00","AB"
"","1018","Blueberry Enterment - PCS","Blueberry Enterment","PCS","2023-01-11T00:00:00","BE"
"","1019","Mini Pineapple Brownie - PCS","Mini Pineapple Brownie","PCS","2023-01-11T00:00:00","MPB"
"","1020","Mini Strawberry Enterment - PCS","Mini Strawberry Enterment","PCS","2023-01-11T00:00:00","MSE"
"","1021","Nutella Mousse - PCS","Nutella Mousse","PCS","2023-01-11T00:00:00","NM"
"","1022","Suger Syrut - PCS","Suger Syrut","PCS","2023-01-11T00:00:00","SS"
"","1023","sample string 3 - sample str","sample string 3","sample str","2023-02-05T00:00:00","sample str"
"","1024","sample string 3 - sample str","sample string 3","sample str","2023-02-05T00:00:00","sample str"
"","1025","dsads - dsads","dsads","dsads","2023-02-05T00:00:00","sdads"
"","1026","dsads - dads","dsads","dads","2023-02-05T00:00:00","dsads"
"","1027","dads - dsads","dads","dsads","2023-02-05T00:00:00","dsads"
"","1028","dsads - dsads","dsads","dsads","2023-02-05T00:00:00","dsads"
"","1029","saurav - saurav","saurav","saurav","2023-02-05T00:00:00","saurav"
"","1030","dsadsdads - dsads","dsadsdads","dsads","2023-02-05T00:00:00","dad"
"","1031","dads - dasd","dads","dasd","2023-02-05T00:00:00","dsads"
"","1032","sdads - dads","sdads","dads","2023-02-05T00:00:00","dads"
"","1033","dasds - dasd","dasds","dasd","2023-02-05T00:00:00","dads"
"","1034","dsad - dasd","dsad","dasd","2023-02-05T00:00:00","das"
"","1035","dasddads - dsads","dasddads","dsads","2023-02-05T00:00:00","dsads"
"","1036","dasd - dsads","dasd","dsads","2023-02-05T00:00:00","dasd"
"","1037","dasd - dasd","dasd","dasd","2023-02-05T00:00:00","dsadsa"
"","1038","hello - hello","hello","hello","2023-02-06T00:00:00","hello"
"","1039","dsad - dsad","dsad","dsad","2023-02-06T00:00:00","dsa"
"","1040","saurey - saurey","saurey","saurey","2023-02-06T00:00:00","saure"
"","1041","Saurey - 1","Saurey","1","2023-02-06T00:00:00","123"
"","1042","1 - 1","1","1","2023-02-06T00:00:00","1"
"","1043","eqwe - dsads","eqwe","dsads","2023-02-06T00:00:00","dsad"
"","1044","asd - dsa","asd","dsa","2023-02-06T00:00:00","das"
"","1045","Saurav - dsads","Saurav","dsads","2023-02-08T00:00:00","hello"
"","1046","123 - pcs","123","pcs","2023-02-08T00:00:00","hi"
"","1047","dads - dsad","dads","dsad","2023-02-08T00:00:00","dsads"
"","1048","new  - ml","new ","ml","2023-02-08T00:00:00","new "
"","1049","Luniva - dozen","Luniva","dozen","2023-02-08T00:00:00","LU"
"","1050","Yahoo - pcs","Yahoo","pcs","2023-02-08T00:00:00","new"
"","1051","checking - kg","checking","kg","2023-02-08T00:00:00","CK"
"","1052","latest - latest","latest","latest","2023-02-08T00:00:00","Latest"
"","1053","old - old","old","old","2023-02-09T00:00:00","old"
"","1054","today - ttdd","today","ttdd","2023-02-12T00:00:00","Td"
"","1055","tesign - fdsdf","tesign","fdsdf","2023-02-13T00:00:00","123"